﻿Kode Perusahaan;Nama Perusahaan;Tanggal Pencatatan
AADI;PT Adaro Andalan Indonesia Tbk;05/12/2024
AALI;Astra Agro Lestari Tbk;09/12/1997
ABBA;Mahaka Media Tbk;03/04/2002
ABDA;Asuransi Bina Dana Arta Tbk;06/07/1989
ABMM;ABM Investama Tbk;06/12/2011
ACES;PT Aspirasi Hidup Indonesia Tbk;06/11/2007
ACRO;PT Samcro Hyosung Adilestari Tbk.;11/01/2024
ACST;PT Acset Indonusa Tbk.;24/06/2013
ADCP;PT Adhi Commuter Properti Tbk;21/05/2021
ADES;Akasha Wira International Tbk Tbk;13/06/1994
ADHI;PT Adhi Karya (Persero) Tbk.;18/03/2004
ADMF;Adira Dinamika Multi Finance Tbk;31/03/2004
ADMG;Polychem Indonesia Tbk;20/10/1993
ADMR;PT Alamtri Minerals Indonesia Tbk;03/01/2022
ADRO;Alamtri Resources Indonesia Tbk;16/07/2008
AEGS;PT Anugerah Spareparts Sejahtera Tbk.;11/09/2023
AGAR;PT Asia Sejahtera Mina Tbk;02/12/2019
AGII;PT Samator Indo Gas Tbk;28/09/2016
AGRO;PT Bank Raya Indonesia Tbk;08/08/2003
AGRS;PT Bank IBK Indonesia Tbk.;22/12/2014
AHAP;Asuransi Harta Aman Pratama Tbk;14/09/1990
AIMS;PT Artha Mahiya Investama Tbk;20/07/2001
AISA;PT FKS Food Sejahtera Tbk;11/06/1997
AKKU;PT Anugerah Kagum Karya Utama Tbk;01/11/2004
AKPI;Argha Karya Prima Ind. Tbk;18/12/1992
AKRA;PT AKR Corporindo Tbk.;03/10/1994
AKSI;PT Mineral Sumberdaya Mandiri Tbk;13/07/2001
ALDO;Alkindo Naratama Tbk;12/07/2011
ALII;PT Ancara Logistics Indonesia Tbk;07/02/2024
ALKA;Alakasa Industrindo Tbk;12/07/1990
ALMI;Alumindo Light Metal Industry Tbk;02/01/1997
ALTO;Tri Banyan Tirta Tbk;10/07/2012
AMAG;Asuransi Multi Artha Guna Tbk;23/12/2005
AMAN;PT Makmur Berkah Amanda Tbk.;13/03/2020
AMAR;PT Bank Amar Indonesia Tbk.;09/01/2020
AMFG;Asahimas Flat Glass Tbk;08/11/1995
AMIN;PT Ateliers Mecaniques D Indonesie Tbk.;10/12/2015
AMMN;PT Amman Mineral Internasional Tbk.;07/07/2023
AMMS;PT Agung Menjangan Mas Tbk;04/08/2022
AMOR;PT Ashmore Asset Management Indonesia Tbk.;14/01/2020
AMRT;PT Sumber Alfaria Trijaya Tbk.;15/01/2009
ANDI;PT Andira Agro Tbk;16/08/2018
ANJT;PT Austindo Nusantara Jaya Tbk.;08/05/2013
ANTM;Aneka Tambang Tbk.;27/11/1997
APEX;Apexindo Pratama Duta Tbk;05/06/2013
APIC;PACIFIC STRATEGIC FINANCIAL Tbk;18/12/2002
APII;PT Arita Prima Indonesia Tbk.;29/10/2013
APLI;Asiaplast Industries Tbk;01/05/2000
APLN;PT Agung Podomoro Land Tbk.;11/11/2010
ARCI;PT Archi Indonesia Tbk;28/06/2021
AREA;PT Dunia Virtual Online Tbk;01/04/2024
ARGO;Argo Pantes Tbk;07/01/1991
ARII;Atlas Resources Tbk;08/11/2011
ARKA;PT Arkha Jayanti Persada Tbk.;10/07/2019
ARKO;PT Arkora Hydro Tbk.;08/07/2022
ARMY;PT Armidian Karyatama Tbk;21/06/2017
ARNA;Arwana Citramulia Tbk;17/07/2001
ARTA;Arthavest Tbk;05/11/2002
ARTI;Ratu Prabu Energi Tbk;30/04/2003
ARTO;PT Bank Jago Tbk.;12/01/2016
ASBI;Asuransi Bintang Tbk;29/11/1989
ASDM;Asuransi Dayin Mitra Tbk;15/12/1989
ASGR;Astra Graphia Tbk;15/11/1989
ASHA;PT Cilacap Samudera Fishing Industry Tbk;27/05/2022
ASII;Astra International Tbk;04/04/1990
ASJT;Asuransi Jasa Tania Tbk;23/12/2003
ASLC;PT Autopedia Sukses Lestari Tbk;25/01/2022
ASLI;PT Asri Karya Lestari Tbk.;05/01/2024
ASMI;PT Asuransi Maximus Graha Persada Tbk.;16/01/2014
ASPI;PT Andalan Sakti Primaindo Tbk.;17/02/2020
ASPR;PT Asia Pramulia Tbk;08/07/2025
ASRI;ALAM SUTERA REALTY Tbk;18/12/2007
ASRM;Asuransi Ramayana Tbk;19/03/1990
ASSA;Adi Sarana Armada Tbk;12/11/2012
ATAP;PT Trimitra Prawara Goldland Tbk;11/12/2020
ATIC;PT Anabatic Technologies Tbk;08/07/2015
ATLA;PT Atlantis Subsea Indonesia Tbk;16/04/2024
AUTO;Astra Otoparts Tbk;15/06/1998
AVIA;PT Avia Avian Tbk;08/12/2021
AWAN;PT Era Digital Media Tbk;18/04/2023
AXIO;PT Tera Data Indonusa Tbk;20/07/2022
AYAM;PT Janu Putra Sejahtera Tbk.;30/11/2023
AYLS;PT Agro Yasa Lestari Tbk;12/02/2020
BABP;PT Bank MNC Internasional Tbk.;15/07/2002
BABY;PT Multitrend Indo Tbk.;07/09/2023
BACA;PT Bank Capital Indonesia Tbk;04/10/2007
BAIK;PT Bersama Mencapai Puncak Tbk.;15/02/2024
BAJA;Saranacentral Bajatama Tbk;21/12/2011
BALI;PT Bali Towerindo Sentra Tbk.;13/03/2014
BANK;PT Bank Aladin Syariah Tbk;01/02/2021
BAPA;Bekasi Asri Pemula Tbk;14/01/2008
BAPI;PT Bhakti Agung Propertindo Tbk.;16/09/2019
BATA;Sepatu Bata Tbk;24/03/1982
BATR;PT Benteng Api Technic Tbk;10/06/2024
BAUT;PT Mitra Angkasa Sejahtera Tbk;28/01/2022
BAYU;Bayu Buana Tbk;30/10/1989
BBCA;PT Bank Central Asia Tbk.;31/05/2000
BBHI;PT Allo Bank Indonesia Tbk;12/08/2015
BBKP;PT Bank KB Indonesia Tbk;10/07/2006
BBLD;Buana Finance Tbk;07/05/1990
BBMD;PT Bank Mestika Dharma Tbk.;08/07/2013
BBNI;PT Bank Negara Indonesia (Persero) Tbk;25/11/1996
BBRI;PT Bank Rakyat Indonesia (Persero) Tbk;10/11/2003
BBRM;Pelayaran Nasional Bina Buana Raya Tbk;09/01/2013
BBSI;PT Krom Bank Indonesia Tbk;07/09/2020
BBSS;PT Bumi Benowo Sukses Sejahtera Tbk;15/04/2020
BBTN;PT Bank Tabungan Negara (Persero) Tbk;17/12/2009
BBYB;PT Bank Neo Commerce Tbk.;13/01/2015
BCAP;MNC Kapital Indonesia Tbk;08/06/2001
BCIC;PT Bank JTrust Indonesia Tbk.;25/06/1997
BCIP;Bumi Citra Permai Tbk;11/12/2009
BDKR;PT Berdikari Pondasi Perkasa Tbk.;03/03/2023
BDMN;PT Bank Danamon Indonesia Tbk;06/12/1989
BEBS;PT Berkah Beton Sadaya Tbk;10/03/2021
BEEF;PT Estika Tata Tiara Tbk.;10/01/2019
BEER;PT Jobubu Jarum Minahasa Tbk;06/01/2023
BEKS;PT Bank Pembangunan Daerah Banten Tbk.;13/07/2001
BELI;PT Global Digital Niaga Tbk;08/11/2022
BELL;PT Trisula Textile Industries Tbk;03/10/2017
BESS;PT Batulicin Nusantara Maritim Tbk.;09/03/2020
BEST;Bekasi Fajar Industrial Estate Tbk;10/04/2012
BFIN;BFI Finance Indonesia Tbk;16/05/1990
BGTG;PT Bank Ganesha Tbk.;12/05/2016
BHAT;PT Bhakti Multi Artha Tbk.;15/04/2020
BHIT;PT MNC Asia Holding Tbk;24/11/1997
BIKA;PT Binakarya Jaya Abadi Tbk.;14/07/2015
BIKE;PT Sepeda Bersama Indonesia Tbk;21/03/2022
BIMA;Primarindo Asia Infrastructure Tbk;30/08/1994
BINA;PT Bank Ina Perdana Tbk.;16/01/2014
BINO;PT Perma Plasindo Tbk;25/11/2021
BIPI;PT Astrindo Nusantara Infrastruktur Tbk.;11/02/2010
BIPP;Bhuwanatala Indah Permai Tbk;23/10/1995
BIRD;PT Blue Bird Tbk;05/11/2014
BISI;BISI INTERNATIONAL Tbk;28/05/2007
BJBR;Bank Pembangunan Daerah Jawa Barat dan Banten Tbk;08/07/2010
BJTM;Bank Pembangunan Daerah Jawa Timur Tbk;12/07/2012
BKDP;Bukit Darmo Property Tbk;15/06/2007
BKSL;Sentul City Tbk;28/07/1997
BKSW;PT Bank QNB Indonesia Tbk;21/11/2002
BLES;PT Superior Prima Sukses Tbk;08/07/2024
BLOG;PT Trimitra Trans Persada Tbk;10/07/2025
BLTA;Berlian Laju Tanker Tbk;26/03/1990
BLTZ;PT Graha Layar Prima Tbk.;10/04/2014
BLUE;PT Berkah Prima Perkasa Tbk;08/07/2019
BMAS;PT Bank Maspion Indonesia Tbk.;11/07/2013
BMBL;PT Lavender Bina Cendikia Tbk;11/01/2023
BMHS;PT Bundamedik Tbk;06/07/2021
BMRI;PT Bank Mandiri (Persero) Tbk;14/07/2003
BMSR;Bintang Mitra Semestaraya Tbk;29/12/1999
BMTR;PT Global Mediacom Tbk;17/07/1995
BNBA;Bank Bumi Arta Tbk;01/06/2006
BNBR;Bakrie & Brothers Tbk;28/08/1989
BNGA;PT Bank CIMB Niaga Tbk;29/11/1989
BNII;PT Bank Maybank Indonesia Tbk;21/11/1989
BNLI;Bank Permata Tbk;15/01/1990
BOAT;PT Newport Marine Services Tbk;12/11/2024
BOBA;PT Formosa Ingredient Factory Tbk;01/11/2021
BOGA;PT Bintang Oto Global Tbk;19/12/2016
BOLA;PT Bali Bintang Sejahtera Tbk.;17/06/2019
BOLT;PT Garuda Metalindo Tbk.;07/07/2015
BOSS;PT Borneo Olah Sarana Sukses Tbk.;15/02/2018
BPFI;PT Woori Finance Indonesia Tbk;01/06/2009
BPII;PT Batavia Prosperindo Internasional Tbk.;08/07/2014
BPTR;PT Batavia Prosperindo Trans Tbk.;09/07/2018
BRAM;Indo Kordsa Tbk;05/09/1990
BREN;PT Barito Renewables Energy Tbk.;09/10/2023
BRIS;PT Bank Syariah Indonesia Tbk;09/05/2018
BRMS;Bumi Resources Minerals Tbk;09/12/2010
BRNA;Berlina Tbk;06/11/1989
BRPT;Barito Pacific Tbk;01/10/1993
BRRC;PT Raja Roti Cemerlang Tbk;09/01/2025
BSBK;PT Wulandari Bangun Laksana Tbk;08/11/2022
BSDE;PT Bumi Serpong Damai Tbk;06/06/2008
BSIM;Bank Sinarmas Tbk;13/12/2010
BSML;PT Bintang Samudera Mandiri Lines Tbk;16/12/2021
BSSR;Baramulti Suksessarana Tbk;08/11/2012
BSWD;Bank of India Indonesia Tbk;01/05/2002
BTEK;Bumi Teknokultura Unggul Tbk;14/05/2004
BTEL;Bakrie Telecom Tbk;03/02/2006
BTON;Betonjaya Manunggal Tbk;18/07/2001
BTPN;PT Bank SMBC Indonesia Tbk;12/03/2008
BTPS;PT Bank BTPN Syariah Tbk.;08/05/2018
BUAH;PT Segar Kumala Indonesia Tbk;09/08/2022
BUDI;PT Budi Starch & Sweetener Tbk.;08/05/1995
BUKA;PT Bukalapak.com Tbk;06/08/2021
BUKK;Bukaka Teknik Utama Tbk;29/06/2015
BULL;PT Buana Lintas Lautan Tbk.;23/05/2011
BUMI;Bumi Resources Tbk;30/07/1990
BUVA;PT Bukit Uluwatu Villa Tbk;12/07/2010
BVIC;Bank Victoria International Tbk;30/06/1999
BWPT;Eagle High Plantations Tbk;27/10/2009
BYAN;Bayan Resources Tbk;12/08/2008
CAKK;PT Cahayaputra Asa Keramik Tbk.;31/10/2018
CAMP;PT Campina Ice Cream Industry Tbk.;19/12/2017
CANI;PT Capitol Nusantara Indonesia Tbk.;16/01/2014
CARE;PT Metro Healthcare Indonesia Tbk;13/03/2020
CARS;PT Industri dan Perdagangan Bintraco Dharma Tbk;10/04/2017
CASA;PT Capital Financial Indonesia Tbk;19/07/2016
CASH;PT Cashlez Worldwide Indonesia Tbk.;04/05/2020
CASS;Cahaya Aero Services Tbk;05/12/2011
CBDK;PT Bangun Kosambi Sukses Tbk;13/01/2025
CBMF;PT Cahaya Bintang Medan Tbk;09/04/2020
CBPE;PT Citra Buana Prasida Tbk;06/01/2023
CBRE;PT Cakra Buana Resources Energi Tbk;09/01/2023
CBUT;PT Citra Borneo Utama Tbk;08/11/2022
CCSI;PT Communication Cable Systems Indonesia Tbk.;18/06/2019
CDIA;PT Chandra Daya Investasi Tbk;09/07/2025
CEKA;PT Wilmar Cahaya Indonesia Tbk.;09/07/1996
CENT;PT Centratama Telekomunikasi Indonesia Tbk.;01/11/2001
CFIN;Clipan Finance Indonesia Tbk;27/08/1990
CGAS;PT Citra Nusantara Gemilang Tbk.;08/01/2024
CHEK;PT Diastika Biotekindo Tbk;10/07/2025
CHEM;PT Chemstar Indonesia Tbk;08/07/2022
CHIP;PT Pelita Teknologi Global Tbk;08/02/2023
CINT;PT Chitose Internasional Tbk;27/06/2014
CITA;Cita Mineral Investindo Tbk;20/03/2002
CITY;PT Natura City Developments Tbk.;28/09/2018
CLAY;PT Citra Putra Realty Tbk;18/01/2019
CLEO;PT Sariguna Primatirta Tbk;05/05/2017
CLPI;Colorpak Indonesia Tbk;30/11/2001
CMNP;Citra Marga Nusaphala Persada Tbk;10/01/1995
CMNT;PT Cemindo Gemilang Tbk;08/09/2021
CMPP;PT AirAsia Indonesia Tbk;08/12/1994
CMRY;PT Cisarua Mountain Dairy Tbk;06/12/2021
CNKO;Exploitasi Energi Indonesia Tbk;20/11/2001
CNMA;PT Nusantara Sejahtera Raya Tbk;02/08/2023
CNTX;PT Century Textile Industry Tbk;22/05/1979
COAL;PT Black Diamond Resources Tbk;07/09/2022
COCO;PT Wahana Interfood Nusantara Tbk.;20/03/2019
COIN;PT Indokripto Koin Semesta Tbk;09/07/2025
COWL;COWELL DEVELOPMENT Tbk;19/12/2007
CPIN;Charoen Pokphand Indonesia Tbk;18/03/1991
CPRI;PT Capri Nusa Satu Properti Tbk.;11/04/2019
CPRO;Central Proteina Prima Tbk;28/11/2006
CRAB;PT Toba Surimi Industries Tbk;10/08/2022
CRSN;PT Carsurin Tbk;10/07/2023
CSAP;Catur Sentosa Adiprana Tbk;12/12/2007
CSIS;PT Cahayasakti Investindo Sukses Tbk;10/05/2017
CSMI;PT Cipta Selera Murni Tbk.;09/04/2020
CSRA;PT Cisadane Sawit Raya Tbk.;09/01/2020
CTBN;Citra Tubindo Tbk;28/11/1989
CTRA;Ciputra Development Tbk;28/03/1994
CTTH;Citatah Tbk;03/07/1996
CUAN;PT Petrindo Jaya Kreasi Tbk;08/03/2023
CYBR;PT ITSEC Asia Tbk.;08/08/2023
DAAZ;PT Daaz Bara Lestari Tbk;11/11/2024
DADA;PT Diamond Citra Propertindo Tbk.;14/02/2020
DART;Duta Anggada Realty Tbk;08/05/1990
DATA;PT Remala Abadi Tbk;07/05/2024
DAYA;PT Duta Intidaya Tbk.;28/06/2016
DCII;PT DCI Indonesia Tbk;06/01/2021
DEAL;PT Dewata Freightinternational Tbk.;11/11/2018
DEFI;Danasupra Erapacific Tbk;06/07/2001
DEPO;PT Caturkarda Depo Bangunan Tbk;25/11/2021
DEWA;Darma Henwa Tbk;26/09/2007
DEWI;PT Dewi Shri Farmindo Tbk;18/07/2022
DFAM;PT Dafam Property Indonesia Tbk;27/04/2018
DGIK;Nusa Konstruksi Enjiniring Tbk;19/12/2007
DGNS;PT Diagnos Laboratorium Utama Tbk;15/01/2021
DGWG;PT Delta Giri Wacana Tbk;13/01/2025
DIGI;PT Arkadia Digital Media Tbk;18/09/2018
DILD;Intiland Development Tbk;04/09/1991
DIVA;PT Distribusi Voucher Nusantara Tbk;27/11/2018
DKFT;Central Omega Resources Tbk;21/11/1997
DKHH;PT Cipta Sarana Medika Tbk;08/05/2025
DLTA;Delta Djakarta Tbk;27/02/1984
DMAS;PT Puradelta Lestari Tbk.;29/05/2015
DMMX;PT Digital Mediatama Maxima Tbk;21/10/2019
DMND;PT Diamond Food Indonesia Tbk.;22/01/2020
DNAR;PT Bank Oke Indonesia Tbk.;11/07/2014
DNET;PT Indoritel Makmur Internasional Tbk.;11/12/2000
DOID;PT BUMA Internasional Grup Tbk;15/06/2001
DOOH;PT Era Media Sejahtera Tbk;08/05/2023
DOSS;PT Global Sukses Digital Tbk;07/08/2024
DPNS;Duta Pertiwi Nusantara Tbk;08/08/1990
DPUM;PT Dua Putra Utama Makmur Tbk.;08/12/2015
DRMA;PT Dharma Polimetal Tbk;20/12/2021
DSFI;Dharma Samudera Fishing Ind. Tbk;24/03/2000
DSNG;PT Dharma Satya Nusantara Tbk.;14/06/2013
DSSA;Dian Swastatika Sentosa Tbk;10/12/2009
DUCK;PT Jaya Bersama Indo Tbk.;10/10/2018
DUTI;Duta Pertiwi Tbk;02/11/1994
DVLA;Darya-Varia Laboratoria Tbk;11/11/1994
DWGL;PT Dwi Guna Laksana Tbk;13/12/2017
DYAN;PT Dyandra Media International Tbk.;25/03/2013
EAST;PT Eastparc Hotel Tbk;09/07/2019
ECII;PT Electronic City Indonesia Tbk.;03/07/2013
EDGE;PT Indointernet Tbk.;08/02/2021
EKAD;Ekadharma International Tbk;14/08/1990
ELIT;PT Data Sinergitama Jaya Tbk;06/01/2023
ELPI;PT Pelayaran Nasional Ekalya Purnamasari Tbk;08/08/2022
ELSA;Elnusa Tbk;06/02/2008
ELTY;Bakrieland Development Tbk;30/10/1995
EMDE;Megapolitan Developments Tbk;12/01/2011
EMTK;Elang Mahkota Teknologi Tbk;12/01/2010
ENAK;PT Champ Resto Indonesia Tbk;08/02/2022
ENRG;Energi Mega Persada Tbk;07/06/2004
ENVY;PT Envy Technologies Indonesia Tbk;08/07/2019
ENZO;PT Morenzo Abadi Perkasa Tbk;14/09/2020
EPAC;PT Megalestari Epack Sentosaraya Tbk.;01/07/2020
EPMT;Enseval Putera Megatrading Tbk;01/08/1994
ERAA;Erajaya Swasembada Tbk;14/12/2011
ERAL;PT Sinar Eka Selaras Tbk;08/08/2023
ERTX;Eratex Djaja Tbk;21/08/1990
ESIP;PT Sinergi Inti Plastindo Tbk.;14/11/2019
ESSA;ESSA Industries Indonesia Tbk;01/02/2012
ESTA;PT Esta Multi Usaha Tbk.;09/03/2020
ESTI;Ever Shine Textile Industry Tbk;13/10/1992
ETWA;Eterindo Wahanatama Tbk;16/05/1997
EURO;PT Estee Gold Feet Tbk;08/08/2022
EXCL;PT XLSMART Telecom Sejahtera Tbk;29/09/2005
FAPA;PT FAP Agri Tbk;04/01/2021
FAST;PT Fast Food Indonesia Tbk;11/05/1993
FASW;Fajar Surya Wisesa Tbk;19/12/1994
FILM;PT MD Entertainment Tbk;07/08/2018
FIMP;PT Fimperkasa Utama Tbk;09/04/2021
FIRE;PT Alfa Energi Investama Tbk.;09/06/2017
FISH;FKS Multi Agro Tbk;18/01/2002
FITT;PT Hotel Fitra International Tbk;11/06/2019
FLMC;PT Falmaco Nonwoven Industri Tbk;08/07/2021
FMII;Fortune Mate Indonesia Tbk;30/06/2000
FOLK;PT Multi Garam Utama Tbk.;07/08/2023
FOOD;PT Sentra Food Indonesia Tbk.;08/01/2019
FORE;PT Fore Kopi Indonesia Tbk;14/04/2025
FORU;Fortune Indonesia Tbk;17/01/2002
FPNI;PT Lotte Chemical Titan Tbk.;21/03/2002
FUJI;PT Fuji Finance Indonesia Tbk.;09/07/2019
FUTR;PT Futura Energi Global Tbk;27/02/2023
FWCT;PT Wijaya Cahaya Timber Tbk;01/02/2023
GAMA;Aksara Global Development Tbk;11/07/2012
GDST;Gunawan Dianjaya Steel Tbk;23/12/2009
GDYR;Goodyear Indonesia Tbk;22/12/1980
GEMA;Gema Grahasarana Tbk;12/08/2002
GEMS;Golden Energy Mines Tbk;17/11/2011
GGRM;Gudang Garam Tbk;27/08/1990
GGRP;PT Gunung Raja Paksi Tbk.;19/09/2019
GHON;PT Gihon Telekomunikasi Indonesia Tbk;09/04/2018
GIAA;Garuda Indonesia (Persero) Tbk;11/02/2011
GJTL;Gajah Tunggal Tbk;08/05/1990
GLOB;PT Globe Kita Terang Tbk;10/07/2012
GLVA;PT Galva Technologies Tbk;23/12/2019
GMFI;PT Garuda Maintenance Facility Aero Asia Tbk.;10/10/2017
GMTD;Gowa Makassar Tourism Development Tbk;11/12/2000
GOLD;PT Visi Telekomunikasi Infrastruktur Tbk.;07/07/2010
GOLF;PT Intra GolfLink Resorts Tbk;08/07/2024
GOLL;PT Golden Plantation Tbk;23/12/2014
GOOD;PT Garudafood Putra Putri Jaya Tbk.;10/10/2018
GOTO;PT GoTo Gojek Tokopedia Tbk;11/04/2022
GPRA;Perdana Gapura Prima Tbk;10/10/2007
GPSO;PT Geoprima Solusi Tbk;06/09/2021
GRIA;PT Ingria Pratama Capitalindo Tbk;08/08/2023
GRPH;PT Griptha Putra Persada Tbk.;17/01/2024
GRPM;PT Graha Prima Mentari Tbk.;10/07/2023
GSMF;Equity Development Investment Tbk;23/10/1989
GTBO;Garda Tujuh Buana Tbk;09/07/2009
GTRA;PT Grahaprima Suksesmandiri Tbk;30/03/2023
GTSI;PT GTS Internasional Tbk;08/09/2021
GULA;PT Aman Agrindo Tbk;03/08/2022
GUNA;PT Gunanusa Eramandiri Tbk;09/07/2024
GWSA;PT Greenwood Sejahtera Tbk;23/12/2011
GZCO;Gozco Plantations Tbk;15/05/2008
HADE;PT Himalaya Energi Perkasa Tbk;12/04/2004
HAIS;PT Hasnur Internasional Shipping Tbk;01/09/2021
HAJJ;PT Arsy Buana Travelindo Tbk;05/04/2023
HALO;PT Haloni Jane Tbk;08/02/2023
HATM;PT Habco Trans Maritima Tbk;26/07/2022
HBAT;PT Minahasa Membangun Hebat Tbk;07/08/2023
HDFA;Radana Bhaskara Finance Tbk;10/05/2011
HDIT;PT Hensel Davest Indonesia Tbk;12/07/2019
HEAL;PT Medikaloka Hermina Tbk.;16/05/2018
HELI;PT Jaya Trishindo Tbk;27/03/2018
HERO;PT DFI Retail Nusantara Tbk;21/08/1989
HEXA;Hexindo Adiperkasa Tbk;13/02/1995
HGII;PT Hero Global Investment Tbk;09/01/2025
HILL;PT Hillcon Tbk;01/03/2023
HITS;Humpuss Intermoda Transportasi Tbk;15/12/1997
HKMU;PT HK Metals Utama Tbk;09/10/2018
HMSP;HM Sampoerna Tbk;15/08/1990
HOKI;PT Buyung Poetra Sembada Tbk.;22/06/2017
HOME;Hotel Mandarine Regency Tbk;17/07/2008
HOMI;PT Grand House Mulia Tbk;10/09/2020
HOPE;PT Harapan Duta Pertiwi Tbk.;24/05/2021
HOTL;Saraswati Griya Lestari Tbk;10/01/2013
HRME;PT Menteng Heritage Realty Tbk.;12/04/2019
HRTA;PT Hartadinata Abadi Tbk;21/06/2017
HRUM;Harum Energy Tbk;06/10/2010
HUMI;PT Humpuss Maritim Internasional Tbk;09/08/2023
HYGN;PT Ecocare Indo Pasifik Tbk.;13/02/2024
IATA;PT MNC Energy Investments Tbk;13/09/2006
IBFN;PT Intan Baru Prana Tbk;22/12/2014
IBOS;PT Indo Boga Sukses Tbk;25/04/2022
IBST;Inti Bangun Sejahtera Tbk;31/08/2012
ICBP;Indofood CBP Sukses Makmur Tbk;07/10/2010
ICON;Island Concepts Indonesia Tbk;08/07/2005
IDEA;PT Idea Indonesia Akademi Tbk;09/09/2021
IDPR;PT Indonesia Pondasi Raya Tbk.;10/12/2015
IFII;PT Indonesia Fibreboard Industry Tbk;10/12/2019
IFSH;PT Ifishdeco Tbk.;05/12/2019
IGAR;Champion Pacific Indonesia Tbk;05/11/1990
IIKP;Inti Agri Resources Tbk;14/10/2002
IKAI;Intikeramik Alamasri Industri Tbk;04/06/1997
IKAN;PT Era Mandiri Cemerlang Tbk;12/02/2020
IKBI;Sumi Indo Kabel Tbk;21/01/1991
IKPM;PT Ikapharmindo Putramas Tbk.;08/11/2023
IMAS;Indomobil Sukses Internasional Tbk;15/11/1993
IMJS;PT Indomobil Multi Jasa Tbk.;10/12/2013
IMPC;PT Impack Pratama Industri Tbk;17/12/2014
INAF;Indofarma Tbk.;17/04/2001
INAI;Indal Aluminium Industry Tbk;05/12/1994
INCF;PT Indo Komoditi Korpora Tbk;06/09/2016
INCI;Intanwijaya Internasional Tbk;24/07/1990
INCO;Vale Indonesia Tbk;16/05/1990
INDF;Indofood Sukses Makmur Tbk;14/07/1994
INDO;PT Royalindo Investa Wijaya Tbk;13/01/2020
INDR;PT Indo-Rama Synthetics Tbk;03/08/1990
INDS;Indospring Tbk;10/08/1990
INDX;Tanah Laut Tbk;17/05/2001
INDY;Indika Energy Tbk;11/06/2008
INET;PT Sinergi Inti Andalan Prima Tbk.;24/07/2023
INKP;Indah Kiat Pulp & Paper Tbk;16/07/1990
INOV;PT Inocycle Technology Group Tbk.;10/07/2019
INPC;Bank Artha Graha Internasional Tbk;23/08/1990
INPP;Indonesian Paradise Property Tbk;12/01/2004
INPS;PT Indah Prakasa Sentosa Tbk.;06/04/2018
INRU;Toba Pulp Lestari Tbk;18/06/1990
INTA;Intraco Penta Tbk;23/08/1993
INTD;Inter-Delta Tbk;18/12/1989
INTP;Indocement Tunggal Prakarsa Tbk;05/12/1989
IOTF;PT Sumber Sinergi Makmur Tbk;06/10/2023
IPAC;PT Era Graharealty Tbk;30/06/2021
IPCC;PT Indonesia Kendaraan Terminal Tbk.;09/07/2018
IPCM;PT Jasa Armada Indonesia Tbk.;22/12/2017
IPOL;Indopoly Swakarsa Industry Tbk;09/07/2010
IPPE;PT Indo Pureco Pratama Tbk;09/12/2021
IPTV;PT MNC Vision Networks Tbk.;08/07/2019
IRRA;PT Itama Ranoraya Tbk.;15/10/2019
IRSX;PT Aviana Sinar Abadi Tbk;07/02/2023
ISAP;PT Isra Presisi Indonesia Tbk;09/12/2022
ISAT;PT Indosat Tbk;19/10/1994
ISEA;PT Indo American Seafoods Tbk;08/07/2024
ISSP;PT Steel Pipe Industry of Indonesia Tbk;22/02/2013
ITIC;PT Indonesian Tobacco Tbk.;04/07/2019
ITMA;SUMBER ENERGI ANDALAN Tbk;10/12/1990
ITMG;Indo Tambangraya Megah Tbk;18/12/2007
JARR;PT Jhonlin Agro Raya Tbk;04/08/2022
JAST;PT Jasnita Telekomindo Tbk.;16/05/2019
JATI;PT Informasi Teknologi Indonesia Tbk.;08/05/2023
JAWA;Jaya Agra Wattie Tbk;30/05/2011
JAYA;PT Armada Berjaya Trans Tbk.;21/02/2019
JECC;Jembo Cable Company Tbk;18/11/1992
JGLE;PT Graha Andrasentra Propertindo Tbk.;29/06/2016
JIHD;Jakarta International Hotels & Development Tbk;29/02/1984
JKON;Jaya Konstruksi Manggala Pratama Tbk;04/12/2007
JMAS;PT Asuransi Jiwa Syariah Jasa Mitra Abadi Tbk;18/12/2017
JPFA;JAPFA Comfeed Indonesia Tbk;23/10/1989
JRPT;Jaya Real Property Tbk;29/06/1994
JSKY;PT Sky Energy Indonesia Tbk.;28/03/2018
JSMR;PT Jasa Marga Tbk;12/11/2007
JSPT;Jakarta Setiabudi Internasional Tbk;12/01/1998
JTPE;Jasuindo Tiga Perkasa Tbk;16/04/2002
KAEF;Kimia Farma Tbk.;04/07/2001
KAQI;PT Jantra Grupo Indonesia Tbk;10/03/2025
KARW;Meratus Jasa Prima Tbk;20/12/1994
KAYU;PT Darmi Bersaudara Tbk.;04/07/2019
KBAG;PT Karya Bersama Anugerah Tbk;08/04/2020
KBLI;KMI Wire and Cable Tbk;06/07/1992
KBLM;Kabelindo Murni Tbk;01/06/1992
KBLV;First Media Tbk;25/02/2000
KBRI;Kertas Basuki Rachmat Indonesia Tbk;11/07/2008
KDSI;Kedawung Setia Industrial Tbk;29/07/1996
KDTN;PT Puri Sentul Permai Tbk;09/11/2022
KEEN;PT Kencana Energi Lestari Tbk.;02/09/2019
KEJU;PT Mulia Boga Raya Tbk;25/11/2019
KETR;PT Ketrosden Triasmitra Tbk;11/01/2021
KIAS;Keramika Indonesia Assosiasi Tbk;08/12/1994
KICI;Kedaung Indah Can Tbk;28/10/1993
KIJA;Kawasan Industri Jababeka Tbk;10/01/1995
KING;PT Hoffmen Cleanindo Tbk;16/02/2023
KINO;PT Kino Indonesia Tbk;11/12/2015
KIOS;PT Kioson Komersial Indonesia Tbk.;05/10/2017
KJEN;PT Krida Jaringan Nusantara Tbk.;01/07/2019
KKES;PT Kusuma Kemindo Sentosa Tbk;08/08/2022
KKGI;Resource Alam Indonesia Tbk;01/07/1991
KLAS;PT Pelayaran Kurnia Lautan Semesta Tbk;12/06/2023
KLBF;Kalbe Farma Tbk;30/07/1991
KLIN;PT Klinko Karya Imaji Tbk;09/08/2022
KMDS;PT Kurniamitra Duta Sentosa Tbk.;07/09/2020
KMTR;PT Kirana Megatara Tbk.;19/06/2017
KOBX;Kobexindo Tractors Tbk;05/07/2012
KOCI;PT Kokoh Exa Nusantara;07/10/2023
KOIN;Kokoh Inti Arebama Tbk;09/04/2008
KOKA;PT Koka Indonesia Tbk.;11/10/2023
KONI;Perdana Bangun Pusaka Tbk;22/08/1995
KOPI;PT Mitra Energi Persada Tbk;04/05/2015
KOTA;PT DMS Propertindo Tbk.;09/07/2019
KPIG;MNC Tourism Indonesia Tbk;30/03/2000
KRAS;Krakatau Steel (Persero) Tbk;10/11/2010
KREN;PT Quantum Clovera Investama Tbk.;28/06/2002
KRYA;PT Bangun Karya Perkasa Jaya Tbk;25/07/2022
KSIX;PT Kentanix Supra International Tbk;08/01/2025
KUAS;PT Ace Oldfields Tbk;25/10/2021
LABA;PT Green Power Group Tbk;10/06/2021
LABS;PT UBC Medical Indonesia Tbk;10/07/2024
LAJU;PT Jasa Berdikari Logistics Tbk;27/01/2023
LAND;PT Trimitra Propertindo Tbk.;23/08/2018
LAPD;Leyand International Tbk;17/07/2001
LCGP;PT Eureka Prima Jakarta Tbk.;13/07/2007
LCKM;PT LCK Global Kedaton Tbk;16/01/2018
LEAD;PT Logindo Samudramakmur Tbk.;11/12/2013
LFLO;PT Imago Mulia Persada Tbk;07/04/2021
LIFE;PT MSIG Life Insurance Indonesia Tbk.;09/07/2019
LINK;PT Link Net Tbk.;02/06/2014
LION;Lion Metal Works Tbk;20/08/1993
LIVE;PT Homeco Victoria Makmur Tbk;12/02/2024
LMAS;Limas Indonesia Makmur Tbk;28/12/2001
LMAX;PT Lupromax Pelumas Indonesia Tbk.;09/08/2023
LMPI;Langgeng Makmur Industri Tbk;17/10/1994
LMSH;Lionmesh Prima Tbk;04/06/1990
LOPI;PT Logisticsplus International Tbk;11/10/2023
LPCK;Lippo Cikarang Tbk;24/07/1997
LPGI;Lippo General Insurance Tbk;22/07/1997
LPIN;Multi Prima Sejahtera Tbk;05/02/1990
LPKR;Lippo Karawaci Tbk;28/06/1996
LPLI;Star Pacific Tbk;23/10/1989
LPPF;Matahari Department Store Tbk;09/10/1989
LPPS;PT Lenox Pasifik Investama Tbk;28/03/1994
LRNA;PT Eka Sari Lorena Transport Tbk.;15/04/2014
LSIP;PP London Sumatra Indonesia Tbk;05/07/1996
LTLS;PT Lautan Luas Tbk;21/07/1997
LUCK;PT Sentral Mitra Informatika Tbk.;28/11/2018
LUCY;PT Lima Dua Lima Tiga Tbk;05/05/2021
MABA;PT Marga Abhinaya Abadi Tbk;22/06/2017
MAGP;Multi Agro Gemilang Plantation Tbk;16/01/2013
MAHA;PT Mandiri Herindo Adiperkasa Tbk;25/07/2023
MAIN;Malindo Feedmill Tbk;10/02/2006
MANG;PT Manggung Polahraya Tbk;11/01/2024
MAPA;PT Map Aktif Adiperkasa Tbk;05/07/2018
MAPB;PT Map Boga Adiperkasa Tbk;21/06/2017
MAPI;PT Mitra Adiperkasa Tbk;10/11/2004
MARI;PT Mahaka Radio Integra Tbk.;11/02/2016
MARK;PT Mark Dynamics Indonesia Tbk.;12/07/2017
MASA;Multistrada Arah Sarana Tbk;09/06/2005
MASB;PT Bank Multiarta Sentosa Tbk;30/06/2021
MAXI;PT Maxindo Karya Anugerah Tbk;12/06/2023
MAYA;PT Bank Mayapada Internasional Tbk;29/08/1997
MBAP;PT Mitrabara Adiperdana Tbk;10/07/2014
MBMA;PT Merdeka Battery Materials Tbk;18/04/2023
MBSS;Mitrabahtera Segara Sejati Tbk;06/04/2011
MBTO;Martina Berto Tbk;13/01/2011
MCAS;PT M Cash Integrasi Tbk;01/11/2017
MCOL;PT Prima Andalan Mandiri Tbk;07/09/2021
MCOR;PT Bank China Construction Bank Indonesia Tbk;03/07/2007
MDIA;PT Intermedia Capital Tbk.;11/04/2014
MDIY;PT Daya Intiguna Yasa Tbk;19/12/2024
MDKA;PT Merdeka Copper Gold Tbk.;19/06/2015
MDKI;PT Emdeki Utama Tbk;25/09/2017
MDLA;PT Medela Potentia Tbk;15/04/2025
MDLN;PT Modernland Realty Tbk.;18/01/1993
MDRN;Modern Internasional Tbk;16/07/1991
MEDC;PT Medco Energi Internasional Tbk;12/10/1994
MEDS;PT Hetzer Medical Indonesia Tbk;10/08/2022
MEGA;Bank Mega Tbk;17/04/2000
MEJA;PT Harta Djaya Karya Tbk;12/02/2024
MENN;PT Menn Teknologi Indonesia Tbk.;18/04/2023
MERI;PT Merry Riana Edukasi Tbk;10/07/2025
MERK;Merck Tbk;23/07/1981
META;Nusantara Infrastructure Tbk;18/07/2001
MFIN;PT Mandala Multifinance Tbk.;06/09/2005
MFMI;Multifiling Mitra Indonesia Tbk;29/12/2010
MGLV;PT Panca Anugrah Wisesa Tbk;08/06/2021
MGNA;PT Magna Investama Mandiri Tbk;08/07/2014
MGRO;PT Mahkota Group Tbk.;12/07/2018
MHKI;PT Multi Hanna Kreasindo Tbk;16/04/2024
MICE;Multi Indocitra Tbk;21/12/2005
MIDI;Midi Utama Indonesia Tbk;30/11/2010
MIKA;PT Mitra Keluarga Karyasehat Tbk.;24/03/2015
MINA;PT Sanurhasta Mitra Tbk.;28/04/2017
MINE;PT Sinar Terang Mandiri Tbk;10/03/2025
MIRA;Mitra International Resources Tbk;30/01/1997
MITI;Mitra Investindo Tbk;16/07/1997
MKAP;PT Multikarya Asia Pasifik Raya Tbk;12/02/2024
MKNT;PT Mitra Komunikasi Nusantara Tbk.;26/10/2015
MKPI;Metropolitan Kentjana Tbk;10/07/2009
MKTR;PT Menthobi Karyatama Raya Tbk;08/11/2022
MLBI;Multi Bintang Indonesia Tbk;15/12/1981
MLIA;Mulia Industrindo Tbk;17/01/1994
MLPL;Multipolar Tbk;06/11/1989
MLPT;PT Multipolar Technology Tbk.;08/07/2013
MMIX;PT Multi Medika Internasional Tbk;06/12/2022
MMLP;PT Mega Manunggal Property Tbk.;12/06/2015
MNCN;Media Nusantara Citra Tbk;22/06/2007
MOLI;PT Madusari Murni Indah Tbk.;30/08/2018
MORA;PT Mora Telematika Indonesia Tbk;08/08/2022
MPIX;PT Mitra Pedagang Indonesia Tbk.;07/02/2024
MPMX;PT Mitra Pinasthika Mustika Tbk.;29/05/2013
MPOW;PT Megapower Makmur Tbk.;05/07/2017
MPPA;Matahari Putra Prima Tbk;21/12/1992
MPRO;PT Maha Properti Indonesia Tbk.;09/10/2018
MPXL;PT MPX Logistics International Tbk;09/05/2023
MRAT;Mustika Ratu Tbk;27/07/1995
MREI;Maskapai Reasuransi Indonesia Tbk;04/09/1989
MSIE;PT Multisarana Intan Eduka Tbk;10/08/2023
MSIN;PT MNC Digital Entertainment Tbk;08/06/2018
MSJA;PT Multi Spunindo Jaya Tbk.;10/01/2024
MSKY;MNC Sky Vision Tbk;09/07/2012
MSTI;PT Mastersystem Infotama Tbk.;08/11/2023
MTDL;Metrodata Electronics Tbk;09/04/1990
MTEL;PT Dayamitra Telekomunikasi Tbk;22/11/2021
MTFN;Capitalinc Investment Tbk;16/04/1990
MTLA;Metropolitan Land Tbk;20/06/2011
MTMH;PT Murni Sadar Tbk;20/04/2022
MTPS;PT Meta Epsi Tbk.;10/04/2019
MTRA;PT Mitra Pemuda Tbk.;10/02/2016
MTSM;Metro Realty Tbk;08/01/1992
MTWI;PT Malacca Trust Wuwungan Insurance Tbk.;12/10/2017
MUTU;PT Mutuagung Lestari Tbk;09/08/2023
MYOH;Samindo Resources Tbk;27/07/2000
MYOR;Mayora Indah Tbk;04/07/1990
MYTX;PT Asia Pacific Investama Tbk.;10/10/1989
NAIK;PT Adiwarna Anugerah Abadi Tbk;13/11/2024
NANO;PT Nanotech Indonesia Global Tbk;10/03/2022
NASA;PT Andalan Perkasa Abadi Tbk;07/08/2017
NASI;PT Wahana Inti Makmur Tbk;13/12/2021
NATO;PT Surya Permata Andalan Tbk;18/01/2019
NAYZ;PT Hassana Boga Sejahtera Tbk;06/02/2023
NCKL;PT Trimegah Bangun Persada Tbk.;12/04/2023
NELY;Pelayaran Nelly Dwi Putri Tbk;11/10/2012
NEST;PT Esta Indonesia Tbk;08/08/2024
NETV;PT MDTV Media Technologies Tbk;26/01/2022
NFCX;PT NFC Indonesia Tbk;12/07/2018
NICE;PT Adhi Kartiko Pratama Tbk;09/01/2024
NICK;PT Charnic Capital Tbk.;02/05/2018
NICL;PT PAM Mineral Tbk;09/07/2021
NIKL;Pelat Timah Nusantara Tbk;14/12/2009
NINE;PT Techno9 Indonesia Tbk;05/12/2022
NIRO;City Retail Developments Tbk;13/09/2012
NISP;PT Bank OCBC NISP Tbk;20/10/1994
NOBU;PT Bank Nationalnobu Tbk.;20/05/2013
NPGF;PT Nusa Palapa Gemilang Tbk;14/04/2021
NRCA;PT Nusa Raya Cipta Tbk.;27/06/2013
NSSS;PT Nusantara Sawit Sejahtera Tbk;10/03/2023
NTBK;PT Nusatama Berkah Tbk;09/02/2022
NUSA;PT Sinergi Megah Internusa Tbk;12/07/2018
NZIA;PT Nusantara Almazia, Tbk.;25/09/2019
OASA;PT Maharaksa Biru Energi Tbk;18/07/2016
OBAT;PT Brigit Biofarmaka Teknologi Tbk;13/01/2025
OBMD;PT OBM Drilchem Tbk;08/12/2021
OCAP;ONIX CAPITAL Tbk;10/10/2003
OILS;PT Indo Oil Perkasa Tbk;06/09/2021
OKAS;Ancora Indonesia Resources Tbk;29/03/2006
OLIV;PT Oscar Mitra Sukses Sejahtera Tbk;17/05/2022
OMED;PT Jayamas Medica Industri Tbk;08/11/2022
OMRE;Indonesia Prima Property Tbk;22/08/1994
OPMS;PT Optima Prima Metal Sinergi Tbk.;23/09/2019
PACK;PT Abadi Nusantara Hijau Investama Tbk;08/02/2023
PADA;PT Personel Alih Daya Tbk;08/12/2022
PADI;Minna Padi Investama Sekuritas Tbk;09/01/2012
PALM;PT Provident Investasi Bersama Tbk;08/10/2012
PAMG;PT Bima Sakti Pertiwi Tbk;05/07/2019
PANI;PT Pantai Indah Kapuk Dua Tbk.;18/09/2018
PANR;Panorama Sentrawisata Tbk;18/09/2001
PANS;Panin Sekuritas Tbk;31/05/2000
PART;PT Cipta Perdana Lancar Tbk;05/07/2024
PBID;PT Panca Budi Idaman Tbk;13/12/2017
PBRX;Pan Brothers Tbk;16/08/1990
PBSA;PT Paramita Bangun Sarana Tbk;28/09/2016
PCAR;PT Prima Cakrawala Abadi Tbk;29/12/2017
PDES;Destinasi Tirta Nusantara Tbk;08/07/2008
PDPP;PT Primadaya Plastisindo Tbk;09/11/2022
PEGE;PT Panca Global Kapital Tbk.;24/06/2005
PEHA;PT Phapros Tbk;26/12/2018
PEVE;PT Penta Valent Tbk;24/01/2023
PGAS;PT Perusahaan Gas Negara Tbk.;15/12/2003
PGEO;PT Pertamina Geothermal Energy Tbk;24/02/2023
PGJO;PT Tourindo Guide Indonesia Tbk.;08/01/2020
PGLI;Pembangunan Graha Lestari Indah Tbk;05/04/2000
PGUN;PT Pradiksi Gunatama Tbk;07/07/2020
PICO;Pelangi Indah Canindo Tbk;23/09/1996
PIPA;PT Multi Makmur Lemindo Tbk.;10/04/2023
PJAA;Pembangunan Jaya Ancol Tbk;02/07/2004
PKPK;Paragon Karya Perkasa Tbk;11/07/2007
PLAN;PT Planet Properindo Jaya Tbk;15/09/2020
PLAS;Polaris Investama Tbk;16/03/2001
PLIN;Plaza Indonesia Realty Tbk;15/06/1992
PMJS;PT Putra Mandiri Jembar Tbk;18/12/2019
PMMP;PT Panca Mitra Multiperdana Tbk.;18/12/2020
PMUI;PT Prima Multi Usaha Indonesia Tbk;10/07/2025
PNBN;Bank Pan Indonesia Tbk;29/12/1982
PNBS;PT Bank Panin Dubai Syariah Tbk.;15/01/2014
PNGO;PT Pinago Utama Tbk;31/08/2020
PNIN;Paninvest Tbk;20/09/1983
PNLF;Panin Financial Tbk;14/06/1983
PNSE;Pudjiadi & Sons Tbk;01/05/1990
POLA;PT Pool Advista Finance Tbk.;16/11/2018
POLI;PT Pollux Hotels Group Tbk;10/01/2019
POLL;PT Pollux Properties Indonesia Tbk.;11/07/2018
POLU;PT Golden Flower Tbk.;26/06/2019
POLY;Asia Pacific Fibers Tbk;12/03/1991
POOL;Pool Advista Indonesia Tbk;20/05/1991
PORT;PT Nusantara Pelabuhan Handal Tbk.;16/03/2017
POSA;PT Bliss Properti Indonesia Tbk.;10/05/2019
POWR;PT Cikarang Listrindo Tbk.;14/06/2016
PPGL;PT Prima Globalindo Logistik Tbk.;20/07/2020
PPRE;PT PP Presisi Tbk.;24/11/2017
PPRI;PT Paperocks Indonesia Tbk.;08/08/2023
PPRO;PT PP Properti Tbk.;19/05/2015
PRAY;PT Famon Awal Bros Sedaya Tbk;08/11/2022
PRDA;PT Prodia Widyahusada Tbk.;07/12/2016
PRIM;PT Royal Prima Tbk.;15/05/2018
PSAB;J RESOURCES ASIA PASIFIK Tbk;22/04/2003
PSAT;PT Pancaran Samudera Transport Tbk;08/07/2025
PSDN;Prasidha Aneka Niaga Tbk;18/10/1994
PSGO;PT Palma Serasih Tbk.;25/11/2019
PSKT;PT Red Planet Indonesia Tbk;19/09/1995
PSSI;PT IMC Pelita Logistik Tbk;05/12/2017
PTBA;Bukit Asam Tbk;23/12/2002
PTDU;PT Djasa Ubersakti Tbk;08/12/2020
PTIS;Indo Straits Tbk;12/07/2011
PTMP;PT Mitra Pack Tbk.;06/03/2023
PTMR;PT Master Print Tbk;08/10/2024
PTPP;PP (Persero) Tbk;09/02/2010
PTPS;PT Pulau Subur Tbk.;09/10/2023
PTPW;PT Pratama Widya Tbk.;07/02/2020
PTRO;Petrosea Tbk;21/05/1990
PTSN;Sat Nusapersada Tbk;08/11/2007
PTSP;Pioneerindo Gourmet International Tbk;30/05/1994
PUDP;Pudjiadi Prestige Tbk;18/11/1994
PURA;PT Putra Rajawali Kencana Tbk.;29/01/2020
PURE;PT Trinitan Metals and Minerals Tbk;09/10/2019
PURI;PT Puri Global Sukses Tbk;08/09/2020
PWON;Pakuwon Jati Tbk;09/10/1989
PYFA;PT Pyridam Farma Tbk;16/10/2001
PZZA;PT Sarimelati Kencana Tbk.;23/05/2018
RAAM;PT Tripar Multivision Plus Tbk.;08/05/2023
RAFI;PT Sari Kreasi Boga Tbk;05/08/2022
RAJA;Rukun Raharja Tbk;19/04/2006
RALS;Ramayana Lestari Sentosa Tbk;24/07/1996
RANC;Supra Boga Lestari Tbk;07/06/2012
RATU;PT Raharja Energi Cepu Tbk;08/01/2025
RBMS;Ristia Bintang Mahkotasejati Tbk;19/12/1997
RCCC;PT Utama Radar Cahaya Tbk;02/08/2022
RDTX;Roda Vivatex Tbk;14/05/1990
REAL;PT Repower Asia Indonesia Tbk.;06/12/2019
RELF;PT Graha Mitra Asia Tbk.;22/06/2023
RELI;Reliance Sekuritas Indonesia Tbk;13/07/2005
RGAS;PT Kian Santang Muliatama Tbk.;08/11/2023
RICY;Ricky Putra Globalindo Tbk;22/01/1998
RIGS;Rig Tenders Tbk;05/03/1990
RIMO;PT Rimo International Lestari Tbk.;10/11/2000
RISE;PT Jaya Sukses Makmur Sentosa Tbk.;09/07/2018
RMKE;PT RMK Energy Tbk;07/12/2021
RMKO;PT Royaltama Mulia Kontraktorindo Tbk.;31/07/2023
ROCK;PT Rockfields Properti Indonesia Tbk.;10/09/2020
RODA;Pikko Land Development Tbk;22/10/2001
RONY;PT Aracord Nusantara Group Tbk;09/04/2020
ROTI;PT Nippon Indosari Corpindo Tbk;28/06/2010
RSCH;PT Charlie Hospital Semarang Tbk.;28/08/2023
RSGK;PT Kedoya Adyaraya Tbk;08/09/2021
RUIS;Radiant Utama Interinsco Tbk;12/07/2006
RUNS;PT Global Sukses Solusi Tbk;08/09/2021
SAFE;Steady Safe Tbk;15/08/1994
SAGE;PT Saptausaha Gemilangindah Tbk;08/03/2023
SAME;Sarana Meditama Metropolitan Tbk;11/01/2013
SAMF;PT Saraswanti Anugerah Makmur Tbk.;31/03/2020
SAPX;PT Satria Antaran Prima Tbk.;03/10/2018
SATU;PT Kota Satu Properti Tbk.;05/11/2018
SBAT;PT Sejahtera Bintang Abadi Textile Tbk.;08/04/2020
SBMA;PT Surya Biru Murni Acetylene Tbk;08/09/2021
SCCO;PT Supreme Cable Manufacturing & Commerce Tbk;20/07/1982
SCMA;Surya Citra Media Tbk;16/07/2002
SCNP;PT Selaras Citra Nusantara Perkasa Tbk;07/09/2020
SCPI;PT Organon Pharma Indonesia Tbk;08/06/1990
SDMU;Sidomulyo Selaras Tbk;12/07/2011
SDPC;Millennium Pharmacon International Tbk;07/05/1990
SDRA;PT Bank Woori Saudara Indonesia 1906 Tbk;15/12/2006
SEMA;PT Semacom Integrated Tbk;10/01/2022
SFAN;PT Surya Fajar Capital Tbk;19/06/2019
SGER;PT Sumber Global Energy Tbk.;10/08/2020
SGRO;PT Sampoerna Agro Tbk;18/06/2007
SHID;Hotel Sahid Jaya Tbk;08/05/1990
SHIP;PT Sillo Maritime Perdana Tbk;16/06/2016
SICO;PT Sigma Energy Compressindo Tbk;08/04/2022
SIDO;PT Industri Jamu Dan Farmasi Sido Muncul Tbk;18/12/2013
SILO;PT Siloam International Hospitals Tbk.;12/09/2013
SIMA;Siwani Makmur Tbk;03/06/1994
SIMP;Salim Ivomas Pratama Tbk;09/06/2011
SINI;PT Singaraja Putra Tbk.;08/11/2019
SIPD;PT Sreeya Sewu Indonesia Tbk;27/12/1996
SKBM;Sekar Bumi Tbk;28/09/2012
SKLT;Sekar Laut Tbk;08/09/1993
SKRN;PT Superkrane Mitra Utama Tbk;11/10/2018
SKYB;PT Northcliff Citranusa Indonesia Tbk.;07/07/2010
SLIS;PT Gaya Abadi Sempurna Tbk;07/10/2019
SMAR;PT Sinar Mas Agro Resources and Technology Tbk;20/11/1992
SMBR;PT Semen Baturaja Tbk;28/06/2013
SMCB;PT Solusi Bangun Indonesia Tbk;10/08/1977
SMDM;Suryamas Dutamakmur Tbk;12/10/1995
SMDR;Samudera Indonesia Tbk;05/07/1999
SMGA;PT Sumber Mineral Global Abadi Tbk;30/01/2024
SMGR;Semen Indonesia (Persero) Tbk;08/07/1991
SMIL;PT Sarana Mitra Luas Tbk;12/05/2023
SMKL;PT Satyamitra Kemas Lestari Tbk;11/07/2019
SMKM;PT Sumber Mas Konstruksi Tbk;09/03/2022
SMLE;PT Sinergi Multi Lestarindo Tbk;10/01/2024
SMMA;PT Sinar Mas Multiartha Tbk;05/07/1995
SMMT;GOLDEN EAGLE ENERGY Tbk;01/12/1997
SMRA;PT Summarecon Agung Tbk;07/05/1990
SMRU;SMR Utama Tbk;10/10/2011
SMSM;Selamat Sempurna Tbk;09/09/1996
SNLK;PT Sunter Lakeside Hotel Tbk.;29/03/2021
SOCI;PT Soechi Lines Tbk.;03/12/2014
SOFA;PT Boston Furniture Industries Tbk..;07/07/2020
SOHO;PT Soho Global Health Tbk;08/09/2020
SOLA;PT Xolare RCR Energy Tbk;08/05/2024
SONA;Sona Topas Tourism Industry Tbk;21/07/1992
SOSS;PT Shield On Service Tbk.;06/11/2018
SOTS;PT Satria Mega Kencana Tbk.;10/12/2018
SOUL;PT Mitra Tirta Buwana Tbk;06/01/2023
SPMA;Suparma Tbk;16/11/1994
SPRE;PT Soraya Berjaya Indonesia Tbk;03/07/2024
SPTO;PT Surya Pertiwi Tbk;14/05/2018
SQMI;Wilton Makmur Indonesia Tbk;15/07/2004
SRAJ;Sejahteraraya Anugrahjaya Tbk;11/04/2011
SRIL;PT Sri Rejeki Isman Tbk;17/06/2013
SRSN;Indo Acidatama Tbk;11/01/1993
SRTG;PT Saratoga Investama Sedaya Tbk.;26/06/2013
SSIA;PT Surya Semesta Internusa Tbk;27/03/1997
SSMS;PT Sawit Sumbermas Sarana Tbk.;12/12/2013
SSTM;Sunson Textile Manufacturer Tbk;20/08/1997
STAA;PT Sumber Tani Agung Resources Tbk;10/03/2022
STAR;PT Buana Artha Anugerah Tbk.;13/07/2011
STRK;PT Lovina Beach Brewery Tbk.;10/10/2023
STTP;PT Siantar Top Tbk;16/12/1996
SUGI;Sugih Energy Tbk;19/06/2002
SULI;PT SLJ Global Tbk;21/03/1994
SUNI;PT Sunindo Pratama Tbk;09/01/2023
SUPR;Solusi Tunas Pratama Tbk;11/10/2011
SURE;PT Super Energy Tbk.;05/10/2018
SURI;PT Maja Agung Latexindo Tbk.;07/12/2023
SWAT;PT Sriwahana Adityakarta Tbk.;08/06/2018
SWID;PT Saraswanti Indoland Development Tbk;07/07/2022
TALF;PT Tunas Alfin Tbk;17/01/2014
TAMA;PT Lancartama Sejati Tbk.;10/02/2020
TAMU;PT Pelayaran Tamarin Samudra Tbk.;10/05/2017
TAPG;PT Triputra Agro Persada Tbk.;12/04/2021
TARA;PT Agung Semesta Sejahtera Tbk;11/07/2014
TAXI;Express Transindo Utama Tbk;02/11/2012
TAYS;PT Jaya Swarasa Agung Tbk;06/12/2021
TBIG;PT Tower Bersama Infrastructure Tbk;26/10/2010
TBLA;Tunas Baru Lampung Tbk;14/02/2000
TBMS;Tembaga Mulia Semanan Tbk;23/05/1990
TCID;Mandom Indonesia Tbk;30/09/1993
TCPI;PT Transcoal Pacific Tbk.;06/07/2018
TDPM;PT Tianrong Chemicals Industry Tbk;09/04/2018
TEBE;PT Dana Brata Luhur Tbk.;18/11/2019
TECH;PT Indosterling Technomedia Tbk;04/06/2020
TELE;PT Omni Inovasi Indonesia Tbk;12/01/2012
TFAS;PT Telefast Indonesia Tbk.;17/09/2019
TFCO;Tifico Fiber Indonesia Tbk;26/02/1980
TGKA;Tigaraksa Satria Tbk;11/06/1990
TGRA;PT Terregra Asia Energy;16/05/2017
TGUK;PT Platinum Wahab Nusantara Tbk.;10/07/2023
TIFA;KDB Tifa Finance Tbk;08/07/2011
TINS;PT Timah Tbk.;19/10/1995
TIRA;Tira Austenite Tbk;27/07/1993
TIRT;Tirta Mahakam Resources Tbk;13/12/1999
TKIM;Pabrik Kertas Tjiwi Kimia Tbk;03/04/1990
TLDN;PT Teladan Prima Agro Tbk;12/04/2022
TLKM;PT Telkom Indonesia (Persero) Tbk;14/11/1995
TMAS;PT Temas Tbk.;09/07/2003
TMPO;Tempo Inti Media Tbk;08/01/2001
TNCA;PT Trimuda Nuansa Citra Tbk.;28/06/2018
TOBA;PT TBS Energi Utama Tbk;06/07/2012
TOOL;PT Rohartindo Nusantara Luas Tbk;09/08/2022
TOPS;PT Totalindo Eka Persada Tbk.;16/06/2017
TOSK;PT Topindo Solusi Komunika Tbk.;07/02/2024
TOTL;Total Bangun Persada Tbk;25/07/2006
TOTO;Surya Toto Indonesia Tbk;30/10/1990
TOWR;Sarana Menara Nusantara Tbk;08/03/2010
TOYS;PT Sunindo Adipersada Tbk.;06/08/2020
TPIA;PT Chandra Asri Pacific Tbk;26/05/2008
TPMA;Trans Power Marine Tbk;20/02/2013
TRAM;Trada Alam Minera Tbk.;10/09/2008
TRGU;PT Cerestar Indonesia Tbk;08/07/2022
TRIL;Triwira Insanlestari Tbk;28/01/2008
TRIM;PT Trimegah Sekuritas Indonesia Tbk;31/01/2000
TRIN;PT Perintis Triniti Properti Tbk;15/01/2020
TRIO;Trikomsel Oke Tbk;14/04/2009
TRIS;Trisula International Tbk;28/06/2012
TRJA;PT Transkon Jaya Tbk.;27/08/2020
TRON;PT Teknologi Karya Digital Nusa Tbk.;08/03/2023
TRST;Trias Sentosa Tbk;02/07/1990
TRUE;PT Triniti Dinamik Tbk;10/06/2021
TRUK;PT Guna Timur Raya Tbk.;23/05/2018
TRUS;Trust Finance Indonesia Tbk;28/11/2002
TSPC;Tempo Scan Pacific Tbk;17/06/1994
TUGU;PT Asuransi Tugu Pratama Indonesia Tbk;28/05/2018
TYRE;PT King Tire Indonesia Tbk.;08/05/2023
UANG;PT Pakuan Tbk;06/07/2020
UCID;PT Uni-Charm Indonesia Tbk.;20/12/2019
UDNG;PT Agro Bahari Nusantara Tbk;31/10/2023
UFOE;PT Damai Sejahtera Abadi Tbk;01/02/2021
ULTJ;PT Ultrajaya Milk Industry & Trading Company Tbk;02/07/1990
UNIC;Unggul Indah Cahaya Tbk;06/11/1989
UNIQ;PT Ulima Nitra Tbk;08/03/2021
UNIT;Nusantara Inti Corpora Tbk;18/04/2002
UNSP;Bakrie Sumatera Plantations Tbk;06/03/1990
UNTD;PT Terang Dunia Internusa Tbk.;07/02/2024
UNTR;United Tractors Tbk;19/09/1989
UNVR;Unilever Indonesia Tbk;11/01/1982
URBN;PT Urban Jakarta Propertindo Tbk.;10/12/2018
UVCR;PT Trimegah Karya Pratama Tbk.;27/07/2021
VAST;PT Vastland Indonesia Tbk;08/02/2023
VERN;PT Verona Indah Pictures Tbk;08/10/2024
VICI;PT Victoria Care Indonesia Tbk;17/12/2020
VICO;PT Victoria Investama Tbk.;08/07/2013
VINS;PT Victoria Insurance Tbk.;28/09/2015
VISI;PT Satu Visi Putra Tbk.;27/02/2024
VIVA;PT Visi Media Asia Tbk;21/11/2011
VKTR;PT VKTR Teknologi Mobilitas Tbk;19/06/2023
VOKS;Voksel Electric Tbk;20/12/1990
VRNA;PT Mizuho Leasing Indonesia Tbk;25/06/2008
VTNY;PT Venteny Fortuna International Tbk;15/12/2022
WAPO;Wahana Pronatural Tbk;22/06/2001
WEGE;PT Wijaya Karya Bangunan Gedung Tbk.;30/11/2017
WEHA;PT WEHA Transportasi Indonesia Tbk;31/05/2007
WGSH;PT Wira Global Solusi Tbk;06/12/2021
WICO;Wicaksana Overseas International Tbk;08/08/1994
WIDI;PT Widiant Jaya Krenindo Tbk.;10/07/2023
WIFI;PT Solusi Sinergi Digital Tbk;30/12/2020
WIIM;Wismilak Inti Makmur Tbk;18/12/2012
WIKA;PT Wijaya Karya (Persero) Tbk;29/10/2007
WINE;PT Hatten Bali Tbk;10/01/2023
WINR;PT Winner Nusantara Jaya Tbk;25/04/2022
WINS;Wintermar Offshore Marine Tbk;29/11/2010
WIRG;PT WIR ASIA Tbk;04/04/2022
WMPP;PT Widodo Makmur Perkasa Tbk;06/12/2021
WMUU;PT Widodo Makmur Unggas Tbk;02/02/2021
WOMF;PT Wahana Ottomitra Multiartha Tbk;13/12/2004
WOOD;PT Integra Indocabinet Tbk;21/06/2017
WOWS;PT Ginting Jaya Energi Tbk;08/11/2019
WSBP;PT Waskita Beton Precast Tbk.;20/09/2016
WSKT;PT Waskita Karya (Persero) Tbk;19/12/2012
WTON;Wijaya Karya Beton;08/04/2014
YELO;PT Yelooo Integra Datanet Tbk.;29/10/2018
YOII;PT Asuransi Digital Bersama Tbk;08/01/2025
YPAS;Yanaprima Hastapersada Tbk;05/03/2008
YULE;Yulie Sekuritas Indonesia Tbk;10/12/2004
YUPI;PT Yupi Indo Jelly Gum Tbk;25/03/2025
ZATA;PT Bersama Zatta Jaya Tbk;10/11/2022
ZBRA;PT Dosni Roha Indonesia Tbk;01/08/1991
ZINC;PT Kapuas Prima Coal Tbk;16/10/2017
ZONE;PT Mega Perintis Tbk.;12/12/2018
ZYRX;PT Zyrexindo Mandiri Buana Tbk;30/03/2021
